{
  "rtf": {
    "track": "Road-Traffic Fines: routine vs non-routine [Claude]",
    "n": 60,
    "accuracy": 1.0,
    "precision": 1.0,
    "recall": 1.0,
    "f1": 1.0,
    "tp": 30,
    "fp": 0,
    "fn": 0,
    "errors": []
  },
  "ljp": {
    "track": "Arabic-LJP: accept/reject/route [Claude]",
    "n": 50,
    "accuracy": 0.86,
    "per_class": {
      "accept": {
        "precision": 0.7916666666666666,
        "recall": 0.95,
        "f1": 0.8636363636363635,
        "support": 20
      },
      "reject": {
        "precision": 0.8823529411764706,
        "recall": 0.75,
        "f1": 0.8108108108108107,
        "support": 20
      },
      "route": {
        "precision": 1.0,
        "recall": 0.9,
        "f1": 0.9473684210526316,
        "support": 10
      }
    },
    "errors": [
      [
        "afcedafc-713b-4de6-8bd8-d5533c28fec7",
        "accept",
        "reject"
      ],
      [
        "aa4bd44e-4f23-41cd-ae06-048bcf1132fe",
        "reject",
        "accept"
      ],
      [
        "8213bf6d-6c15-477e-a808-b08e43cbc2ef",
        "reject",
        "accept"
      ],
      [
        "e9dacfef-da2e-46ed-a67a-152d149881c9",
        "reject",
        "accept"
      ],
      [
        "39f0e05f-bf42-49f3-ba94-05f0bf6f8e4d",
        "reject",
        "accept"
      ],
      [
        "09b65449-ea0a-4656-a6e7-b062db8bf1c0",
        "reject",
        "accept"
      ],
      [
        "22aa9d7d-c3ae-43a2-897a-5626a0e058ad",
        "route",
        "reject"
      ]
    ]
  },
  "rtf_fanar": {
    "track": "Road-Traffic Fines: routine vs non-routine [Fanar]",
    "n": 60,
    "accuracy": 1.0,
    "precision": 1.0,
    "recall": 1.0,
    "f1": 1.0,
    "tp": 30,
    "fp": 0,
    "fn": 0,
    "errors": []
  },
  "ljp_fanar": {
    "track": "Arabic-LJP: accept/reject/route [Fanar]",
    "n": 50,
    "accuracy": 0.66,
    "per_class": {
      "accept": {
        "precision": 0.5882352941176471,
        "recall": 1.0,
        "f1": 0.7407407407407407,
        "support": 20
      },
      "reject": {
        "precision": 1.0,
        "recall": 0.35,
        "f1": 0.5185185185185185,
        "support": 20
      },
      "route": {
        "precision": 0.6666666666666666,
        "recall": 0.6,
        "f1": 0.631578947368421,
        "support": 10
      }
    },
    "errors": [
      [
        "049a17c7-538e-496a-8c7f-d1ff496b87a4",
        "reject",
        "accept"
      ],
      [
        "cbbe036c-fbb3-40f6-801b-885596511784",
        "reject",
        "accept"
      ],
      [
        "724bd257-cf19-4464-bf72-9bc0dad24c5c",
        "reject",
        "route"
      ],
      [
        "b44cce30-93ca-4d48-bd07-5d8fc28dfb03",
        "reject",
        "route"
      ],
      [
        "1236cb00-07bb-4198-ba2c-d444afb4d5d3",
        "reject",
        "route"
      ],
      [
        "aa4bd44e-4f23-41cd-ae06-048bcf1132fe",
        "reject",
        "accept"
      ],
      [
        "8213bf6d-6c15-477e-a808-b08e43cbc2ef",
        "reject",
        "accept"
      ],
      [
        "e9dacfef-da2e-46ed-a67a-152d149881c9",
        "reject",
        "accept"
      ],
      [
        "a404ef8c-e2c5-484d-ab02-9ddb0574b557",
        "reject",
        "accept"
      ],
      [
        "39f0e05f-bf42-49f3-ba94-05f0bf6f8e4d",
        "reject",
        "accept"
      ],
      [
        "2212603f-01b4-4038-8d8b-10542b2815ac",
        "reject",
        "accept"
      ],
      [
        "09b65449-ea0a-4656-a6e7-b062db8bf1c0",
        "reject",
        "accept"
      ],
      [
        "2116457a-91aa-4922-945d-6310c2953aa2",
        "reject",
        "accept"
      ],
      [
        "43ad57fb-c711-4ec9-9503-8a2811e5b988",
        "route",
        "accept"
      ],
      [
        "dccebece-00d4-485d-acd3-74d5aa7ac438",
        "route",
        "accept"
      ],
      [
        "65a1b414-27ab-443a-92c9-fc3172679bd4",
        "route",
        "accept"
      ],
      [
        "22aa9d7d-c3ae-43a2-897a-5626a0e058ad",
        "route",
        "accept"
      ]
    ]
  }
}